region,item,unit,value
ArgentinaReg,BVMEAT,g/kg,180
ArgentinaReg,SGMEAT,g/kg,133
ArgentinaReg,PGMEAT,g/kg,107
ArgentinaReg,PTMEAT,g/kg,117
ArgentinaReg,BVMILK,g/kg,29
ArgentinaReg,PTEGGS,g/kg,99
AustraliaReg,BVMEAT,g/kg,139
AustraliaReg,SGMEAT,g/kg,122
AustraliaReg,PGMEAT,g/kg,89
AustraliaReg,PTMEAT,g/kg,127
AustraliaReg,BVMILK,g/kg,31
AustraliaReg,PTEGGS,g/kg,107
BrazilReg,BVMEAT,g/kg,136
BrazilReg,SGMEAT,g/kg,145
BrazilReg,PGMEAT,g/kg,97
BrazilReg,PTMEAT,g/kg,117
BrazilReg,BVMILK,g/kg,32
BrazilReg,PTEGGS,g/kg,100
CanadaReg,BVMEAT,g/kg,137
CanadaReg,SGMEAT,g/kg,135
CanadaReg,PGMEAT,g/kg,98
CanadaReg,PTMEAT,g/kg,131
CanadaReg,BVMILK,g/kg,26
CanadaReg,PTEGGS,g/kg,107
ChinaReg,BVMEAT,g/kg,136
ChinaReg,SGMEAT,g/kg,138
ChinaReg,PGMEAT,g/kg,111
ChinaReg,PTMEAT,g/kg,118
ChinaReg,BVMILK,g/kg,38
ChinaReg,PTEGGS,g/kg,115
CongoBasin,BVMEAT,g/kg,148
CongoBasin,SGMEAT,g/kg,145
CongoBasin,PGMEAT,g/kg,114
CongoBasin,PTMEAT,g/kg,125
CongoBasin,BVMILK,g/kg,33
CongoBasin,PTEGGS,g/kg,105
EU_Baltic,BVMEAT,g/kg,147
EU_Baltic,SGMEAT,g/kg,135
EU_Baltic,PGMEAT,g/kg,102
EU_Baltic,PTMEAT,g/kg,125
EU_Baltic,BVMILK,g/kg,32
EU_Baltic,PTEGGS,g/kg,107
EU_CentralEast,BVMEAT,g/kg,148
EU_CentralEast,SGMEAT,g/kg,129
EU_CentralEast,PGMEAT,g/kg,106
EU_CentralEast,PTMEAT,g/kg,143
EU_CentralEast,BVMILK,g/kg,32
EU_CentralEast,PTEGGS,g/kg,112
EU_MidWest,BVMEAT,g/kg,139
EU_MidWest,SGMEAT,g/kg,126
EU_MidWest,PGMEAT,g/kg,100
EU_MidWest,PTMEAT,g/kg,145
EU_MidWest,BVMILK,g/kg,32
EU_MidWest,PTEGGS,g/kg,114
EU_North,BVMEAT,g/kg,135
EU_North,SGMEAT,g/kg,123
EU_North,PGMEAT,g/kg,99
EU_North,PTMEAT,g/kg,148
EU_North,BVMILK,g/kg,30
EU_North,PTEGGS,g/kg,114
EU_South,BVMEAT,g/kg,146
EU_South,SGMEAT,g/kg,130
EU_South,PGMEAT,g/kg,96
EU_South,PTMEAT,g/kg,150
EU_South,BVMILK,g/kg,28
EU_South,PTEGGS,g/kg,114
Former_USSR,BVMEAT,g/kg,148
Former_USSR,SGMEAT,g/kg,135
Former_USSR,PGMEAT,g/kg,108
Former_USSR,PTMEAT,g/kg,125
Former_USSR,BVMILK,g/kg,33
Former_USSR,PTEGGS,g/kg,107
IndiaReg,BVMEAT,g/kg,134
IndiaReg,SGMEAT,g/kg,145
IndiaReg,PGMEAT,g/kg,109
IndiaReg,PTMEAT,g/kg,121
IndiaReg,BVMILK,g/kg,36
IndiaReg,PTEGGS,g/kg,107
IndonesiaReg,BVMEAT,g/kg,134
IndonesiaReg,SGMEAT,g/kg,138
IndonesiaReg,PGMEAT,g/kg,111
IndonesiaReg,PTMEAT,g/kg,123
IndonesiaReg,BVMILK,g/kg,35
IndonesiaReg,PTEGGS,g/kg,115
JapanReg,BVMEAT,g/kg,144
JapanReg,SGMEAT,g/kg,122
JapanReg,PGMEAT,g/kg,98
JapanReg,PTMEAT,g/kg,126
JapanReg,BVMILK,g/kg,36
JapanReg,PTEGGS,g/kg,115
MalaysiaReg,BVMEAT,g/kg,147
MalaysiaReg,SGMEAT,g/kg,129
MalaysiaReg,PGMEAT,g/kg,109
MalaysiaReg,PTMEAT,g/kg,120
MalaysiaReg,BVMILK,g/kg,28
MalaysiaReg,PTEGGS,g/kg,115
MexicoReg,BVMEAT,g/kg,148
MexicoReg,SGMEAT,g/kg,151
MexicoReg,PGMEAT,g/kg,108
MexicoReg,PTMEAT,g/kg,105
MexicoReg,BVMILK,g/kg,32
MexicoReg,PTEGGS,g/kg,101
MiddleEast,BVMEAT,g/kg,146
MiddleEast,SGMEAT,g/kg,139
MiddleEast,PGMEAT,g/kg,96
MiddleEast,PTMEAT,g/kg,133
MiddleEast,BVMILK,g/kg,34
MiddleEast,PTEGGS,g/kg,108
NewZealandReg,BVMEAT,g/kg,126
NewZealandReg,SGMEAT,g/kg,122
NewZealandReg,PGMEAT,g/kg,81
NewZealandReg,PTMEAT,g/kg,126
NewZealandReg,BVMILK,g/kg,28
NewZealandReg,PTEGGS,g/kg,107
NorthernAf,BVMEAT,g/kg,140
NorthernAf,SGMEAT,g/kg,136
NorthernAf,PGMEAT,g/kg,89
NorthernAf,PTMEAT,g/kg,124
NorthernAf,BVMILK,g/kg,33
NorthernAf,PTEGGS,g/kg,105
Pacific_Islands,BVMEAT,g/kg,144
Pacific_Islands,SGMEAT,g/kg,127
Pacific_Islands,PGMEAT,g/kg,107
Pacific_Islands,PTMEAT,g/kg,122
Pacific_Islands,BVMILK,g/kg,32
Pacific_Islands,PTEGGS,g/kg,112
RCAM,BVMEAT,g/kg,149
RCAM,SGMEAT,g/kg,157
RCAM,PGMEAT,g/kg,101
RCAM,PTMEAT,g/kg,111
RCAM,BVMILK,g/kg,34
RCAM,PTEGGS,g/kg,99
RCEU,BVMEAT,g/kg,140
RCEU,SGMEAT,g/kg,136
RCEU,PGMEAT,g/kg,100
RCEU,PTMEAT,g/kg,129
RCEU,BVMILK,g/kg,33
RCEU,PTEGGS,g/kg,108
ROWE,BVMEAT,g/kg,128
ROWE,SGMEAT,g/kg,126
ROWE,PGMEAT,g/kg,96
ROWE,PTMEAT,g/kg,148
ROWE,BVMILK,g/kg,30
ROWE,PTEGGS,g/kg,113
RSAM,BVMEAT,g/kg,137
RSAM,SGMEAT,g/kg,140
RSAM,PGMEAT,g/kg,108
RSAM,PTMEAT,g/kg,128
RSAM,BVMILK,g/kg,33
RSAM,PTEGGS,g/kg,99
RSAS,BVMEAT,g/kg,130
RSAS,SGMEAT,g/kg,152
RSAS,PGMEAT,g/kg,111
RSAS,PTMEAT,g/kg,122
RSAS,BVMILK,g/kg,37
RSAS,PTEGGS,g/kg,108
RSEA_OPA,BVMEAT,g/kg,141
RSEA_OPA,SGMEAT,g/kg,155
RSEA_OPA,PGMEAT,g/kg,111
RSEA_OPA,PTMEAT,g/kg,123
RSEA_OPA,BVMILK,g/kg,34
RSEA_OPA,PTEGGS,g/kg,115
RSEA_PAC,BVMEAT,g/kg,133
RSEA_PAC,SGMEAT,g/kg,131
RSEA_PAC,PGMEAT,g/kg,111
RSEA_PAC,PTMEAT,g/kg,115
RSEA_PAC,BVMILK,g/kg,34
RSEA_PAC,PTEGGS,g/kg,114
RussiaReg,BVMEAT,g/kg,147
RussiaReg,SGMEAT,g/kg,136
RussiaReg,PGMEAT,g/kg,115
RussiaReg,PTMEAT,g/kg,126
RussiaReg,BVMILK,g/kg,35
RussiaReg,PTEGGS,g/kg,107
SouthAfrReg,BVMEAT,g/kg,147
SouthAfrReg,SGMEAT,g/kg,132
SouthAfrReg,PGMEAT,g/kg,97
SouthAfrReg,PTMEAT,g/kg,144
SouthAfrReg,BVMILK,g/kg,31
SouthAfrReg,PTEGGS,g/kg,114
SouthKorea,BVMEAT,g/kg,133
SouthKorea,SGMEAT,g/kg,139
SouthKorea,PGMEAT,g/kg,101
SouthKorea,PTMEAT,g/kg,121
SouthKorea,BVMILK,g/kg,34
SouthKorea,PTEGGS,g/kg,115
EasternAf,BVMEAT,g/kg,147
EasternAf,SGMEAT,g/kg,144
EasternAf,PGMEAT,g/kg,105
EasternAf,PTMEAT,g/kg,123
EasternAf,BVMILK,g/kg,32
EasternAf,PTEGGS,g/kg,105
SouthernAf,BVMEAT,g/kg,149
SouthernAf,SGMEAT,g/kg,143
SouthernAf,PGMEAT,g/kg,110
SouthernAf,PTMEAT,g/kg,124
SouthernAf,BVMILK,g/kg,32
SouthernAf,PTEGGS,g/kg,104
WesternAf,BVMEAT,g/kg,149
WesternAf,SGMEAT,g/kg,144
WesternAf,PGMEAT,g/kg,116
WesternAf,PTMEAT,g/kg,121
WesternAf,BVMILK,g/kg,36
WesternAf,PTEGGS,g/kg,104
TurkeyReg,BVMEAT,g/kg,167
TurkeyReg,SGMEAT,g/kg,124
TurkeyReg,PGMEAT,g/kg,98
TurkeyReg,PTMEAT,g/kg,124
TurkeyReg,BVMILK,g/kg,34
TurkeyReg,PTEGGS,g/kg,115
UkraineReg,BVMEAT,g/kg,147
UkraineReg,SGMEAT,g/kg,138
UkraineReg,PGMEAT,g/kg,110
UkraineReg,PTMEAT,g/kg,123
UkraineReg,BVMILK,g/kg,32
UkraineReg,PTEGGS,g/kg,107
USAReg,BVMEAT,g/kg,124
USAReg,SGMEAT,g/kg,134
USAReg,PGMEAT,g/kg,98
USAReg,PTMEAT,g/kg,132
USAReg,BVMILK,g/kg,32
USAReg,PTEGGS,g/kg,107
CentralEastEurope,BVMEAT,g/kg,146
CentralEastEurope,SGMEAT,g/kg,131
CentralEastEurope,PGMEAT,g/kg,105
CentralEastEurope,PTMEAT,g/kg,142
CentralEastEurope,BVMILK,g/kg,32
CentralEastEurope,PTEGGS,g/kg,112
FormerSovietUnion,BVMEAT,g/kg,147
FormerSovietUnion,SGMEAT,g/kg,136
FormerSovietUnion,PGMEAT,g/kg,112
FormerSovietUnion,PTMEAT,g/kg,126
FormerSovietUnion,BVMILK,g/kg,34
FormerSovietUnion,PTEGGS,g/kg,107
LatinAmericaCarib,BVMEAT,g/kg,146
LatinAmericaCarib,SGMEAT,g/kg,144
LatinAmericaCarib,PGMEAT,g/kg,102
LatinAmericaCarib,PTMEAT,g/kg,117
LatinAmericaCarib,BVMILK,g/kg,32
LatinAmericaCarib,PTEGGS,g/kg,100
MidEastNorthAfrica,BVMEAT,g/kg,142
MidEastNorthAfrica,SGMEAT,g/kg,138
MidEastNorthAfrica,PGMEAT,g/kg,95
MidEastNorthAfrica,PTMEAT,g/kg,130
MidEastNorthAfrica,BVMILK,g/kg,33
MidEastNorthAfrica,PTEGGS,g/kg,107
NorthAmerica,BVMEAT,g/kg,125
NorthAmerica,SGMEAT,g/kg,134
NorthAmerica,PGMEAT,g/kg,98
NorthAmerica,PTMEAT,g/kg,132
NorthAmerica,BVMILK,g/kg,31
NorthAmerica,PTEGGS,g/kg,107
OtherPacificAsia,BVMEAT,g/kg,138
OtherPacificAsia,SGMEAT,g/kg,141
OtherPacificAsia,PGMEAT,g/kg,108
OtherPacificAsia,PTMEAT,g/kg,122
OtherPacificAsia,BVMILK,g/kg,33
OtherPacificAsia,PTEGGS,g/kg,115
PacificOECD,BVMEAT,g/kg,141
PacificOECD,SGMEAT,g/kg,122
PacificOECD,PGMEAT,g/kg,96
PacificOECD,PTMEAT,g/kg,126
PacificOECD,BVMILK,g/kg,34
PacificOECD,PTEGGS,g/kg,114
PlannedAsiaChina,BVMEAT,g/kg,136
PlannedAsiaChina,SGMEAT,g/kg,138
PlannedAsiaChina,PGMEAT,g/kg,111
PlannedAsiaChina,PTMEAT,g/kg,118
PlannedAsiaChina,BVMILK,g/kg,38
PlannedAsiaChina,PTEGGS,g/kg,115
SouthAsia,BVMEAT,g/kg,133
SouthAsia,SGMEAT,g/kg,148
SouthAsia,PGMEAT,g/kg,109
SouthAsia,PTMEAT,g/kg,121
SouthAsia,BVMILK,g/kg,36
SouthAsia,PTEGGS,g/kg,107
SubSaharanAfrica,BVMEAT,g/kg,148
SubSaharanAfrica,SGMEAT,g/kg,142
SubSaharanAfrica,PGMEAT,g/kg,110
SubSaharanAfrica,PTMEAT,g/kg,132
SubSaharanAfrica,BVMILK,g/kg,34
SubSaharanAfrica,PTEGGS,g/kg,107
WesternEurope,BVMEAT,g/kg,141
WesternEurope,SGMEAT,g/kg,126
WesternEurope,PGMEAT,g/kg,98
WesternEurope,PTMEAT,g/kg,146
WesternEurope,BVMILK,g/kg,31
WesternEurope,PTEGGS,g/kg,114
Albania,BVMEAT,g/kg,153
Albania,SGMEAT,g/kg,137
Albania,PGMEAT,g/kg,92
Albania,PTMEAT,g/kg,139
Albania,BVMILK,g/kg,35
Albania,PTEGGS,g/kg,114
Algeria,BVMEAT,g/kg,147
Algeria,SGMEAT,g/kg,134
Algeria,PGMEAT,g/kg,89
Algeria,PTMEAT,g/kg,109
Algeria,BVMILK,g/kg,35
Algeria,PTEGGS,g/kg,104
Angola,BVMEAT,g/kg,156
Angola,SGMEAT,g/kg,152
Angola,PGMEAT,g/kg,103
Angola,PTMEAT,g/kg,123
Angola,BVMILK,g/kg,31
Angola,PTEGGS,g/kg,104
Argentina,BVMEAT,g/kg,180
Argentina,SGMEAT,g/kg,133
Argentina,PGMEAT,g/kg,107
Argentina,PTMEAT,g/kg,117
Argentina,BVMILK,g/kg,29
Argentina,PTEGGS,g/kg,99
Armenia,BVMEAT,g/kg,148
Armenia,SGMEAT,g/kg,135
Armenia,PGMEAT,g/kg,104
Armenia,PTMEAT,g/kg,125
Armenia,BVMILK,g/kg,33
Armenia,PTEGGS,g/kg,107
Australia,BVMEAT,g/kg,139
Australia,SGMEAT,g/kg,122
Australia,PGMEAT,g/kg,89
Australia,PTMEAT,g/kg,127
Australia,BVMILK,g/kg,31
Australia,PTEGGS,g/kg,107
Austria,BVMEAT,g/kg,144
Austria,SGMEAT,g/kg,127
Austria,PGMEAT,g/kg,107
Austria,PTMEAT,g/kg,151
Austria,BVMILK,g/kg,31
Austria,PTEGGS,g/kg,114
Azerbaijan,BVMEAT,g/kg,147
Azerbaijan,SGMEAT,g/kg,135
Azerbaijan,PGMEAT,g/kg,83
Azerbaijan,PTMEAT,g/kg,128
Azerbaijan,BVMILK,g/kg,36
Azerbaijan,PTEGGS,g/kg,107
Bahamas,BVMEAT,g/kg,173
Bahamas,SGMEAT,g/kg,142
Bahamas,PGMEAT,g/kg,102
Bahamas,PTMEAT,g/kg,125
Bahamas,BVMILK,g/kg,35
Bahamas,PTEGGS,g/kg,103
Bahrain,BVMEAT,g/kg,146
Bahrain,SGMEAT,g/kg,139
Bahrain,PGMEAT,g/kg,96
Bahrain,PTMEAT,g/kg,133
Bahrain,BVMILK,g/kg,34
Bahrain,PTEGGS,g/kg,108
Bangladesh,BVMEAT,g/kg,154
Bangladesh,SGMEAT,g/kg,155
Bangladesh,PGMEAT,g/kg,111
Bangladesh,PTMEAT,g/kg,118
Bangladesh,BVMILK,g/kg,33
Bangladesh,PTEGGS,g/kg,110
Belarus,BVMEAT,g/kg,150
Belarus,SGMEAT,g/kg,134
Belarus,PGMEAT,g/kg,110
Belarus,PTMEAT,g/kg,125
Belarus,BVMILK,g/kg,31
Belarus,PTEGGS,g/kg,107
Belgium,BVMEAT,g/kg,129
Belgium,SGMEAT,g/kg,135
Belgium,PGMEAT,g/kg,86
Belgium,PTMEAT,g/kg,128
Belgium,BVMILK,g/kg,32
Belgium,PTEGGS,g/kg,107
Belize,BVMEAT,g/kg,147
Belize,SGMEAT,g/kg,116
Belize,PGMEAT,g/kg,111
Belize,PTMEAT,g/kg,117
Belize,BVMILK,g/kg,34
Belize,PTEGGS,g/kg,99
Benin,BVMEAT,g/kg,146
Benin,SGMEAT,g/kg,142
Benin,PGMEAT,g/kg,115
Benin,PTMEAT,g/kg,130
Benin,BVMILK,g/kg,31
Benin,PTEGGS,g/kg,105
Bhutan,BVMEAT,g/kg,130
Bhutan,SGMEAT,g/kg,152
Bhutan,PGMEAT,g/kg,111
Bhutan,PTMEAT,g/kg,122
Bhutan,BVMILK,g/kg,37
Bhutan,PTEGGS,g/kg,108
Bolivia,BVMEAT,g/kg,139
Bolivia,SGMEAT,g/kg,147
Bolivia,PGMEAT,g/kg,94
Bolivia,PTMEAT,g/kg,116
Bolivia,BVMILK,g/kg,32
Bolivia,PTEGGS,g/kg,99
BosniaHerzg,BVMEAT,g/kg,149
BosniaHerzg,SGMEAT,g/kg,136
BosniaHerzg,PGMEAT,g/kg,94
BosniaHerzg,PTMEAT,g/kg,128
BosniaHerzg,BVMILK,g/kg,32
BosniaHerzg,PTEGGS,g/kg,107
Botswana,BVMEAT,g/kg,149
Botswana,SGMEAT,g/kg,140
Botswana,PGMEAT,g/kg,92
Botswana,PTMEAT,g/kg,125
Botswana,BVMILK,g/kg,36
Botswana,PTEGGS,g/kg,104
Brazil,BVMEAT,g/kg,136
Brazil,SGMEAT,g/kg,145
Brazil,PGMEAT,g/kg,97
Brazil,PTMEAT,g/kg,117
Brazil,BVMILK,g/kg,32
Brazil,PTEGGS,g/kg,100
BruneiDarsm,BVMEAT,g/kg,135
BruneiDarsm,SGMEAT,g/kg,123
BruneiDarsm,PGMEAT,g/kg,96
BruneiDarsm,PTMEAT,g/kg,124
BruneiDarsm,BVMILK,g/kg,33
BruneiDarsm,PTEGGS,g/kg,115
Bulgaria,BVMEAT,g/kg,141
Bulgaria,SGMEAT,g/kg,130
Bulgaria,PGMEAT,g/kg,102
Bulgaria,PTMEAT,g/kg,149
Bulgaria,BVMILK,g/kg,32
Bulgaria,PTEGGS,g/kg,114
BurkinaFaso,BVMEAT,g/kg,146
BurkinaFaso,SGMEAT,g/kg,146
BurkinaFaso,PGMEAT,g/kg,116
BurkinaFaso,PTMEAT,g/kg,123
BurkinaFaso,BVMILK,g/kg,32
BurkinaFaso,PTEGGS,g/kg,103
Burundi,BVMEAT,g/kg,146
Burundi,SGMEAT,g/kg,140
Burundi,PGMEAT,g/kg,117
Burundi,PTMEAT,g/kg,123
Burundi,BVMILK,g/kg,32
Burundi,PTEGGS,g/kg,104
Cambodia,BVMEAT,g/kg,148
Cambodia,SGMEAT,g/kg,131
Cambodia,PGMEAT,g/kg,111
Cambodia,PTMEAT,g/kg,113
Cambodia,BVMILK,g/kg,37
Cambodia,PTEGGS,g/kg,109
Cameroon,BVMEAT,g/kg,147
Cameroon,SGMEAT,g/kg,144
Cameroon,PGMEAT,g/kg,115
Cameroon,PTMEAT,g/kg,123
Cameroon,BVMILK,g/kg,34
Cameroon,PTEGGS,g/kg,104
Canada,BVMEAT,g/kg,137
Canada,SGMEAT,g/kg,135
Canada,PGMEAT,g/kg,98
Canada,PTMEAT,g/kg,131
Canada,BVMILK,g/kg,26
Canada,PTEGGS,g/kg,107
CapeVerde,BVMEAT,g/kg,151
CapeVerde,SGMEAT,g/kg,138
CapeVerde,PGMEAT,g/kg,110
CapeVerde,PTMEAT,g/kg,124
CapeVerde,BVMILK,g/kg,34
CapeVerde,PTEGGS,g/kg,104
CentAfrRep,BVMEAT,g/kg,146
CentAfrRep,SGMEAT,g/kg,139
CentAfrRep,PGMEAT,g/kg,116
CentAfrRep,PTMEAT,g/kg,124
CentAfrRep,BVMILK,g/kg,31
CentAfrRep,PTEGGS,g/kg,107
Chad,BVMEAT,g/kg,152
Chad,SGMEAT,g/kg,146
Chad,PGMEAT,g/kg,122
Chad,PTMEAT,g/kg,125
Chad,BVMILK,g/kg,32
Chad,PTEGGS,g/kg,105
Chile,BVMEAT,g/kg,134
Chile,SGMEAT,g/kg,134
Chile,PGMEAT,g/kg,112
Chile,PTMEAT,g/kg,122
Chile,BVMILK,g/kg,32
Chile,PTEGGS,g/kg,99
China,BVMEAT,g/kg,136
China,SGMEAT,g/kg,138
China,PGMEAT,g/kg,111
China,PTMEAT,g/kg,118
China,BVMILK,g/kg,38
China,PTEGGS,g/kg,115
Colombia,BVMEAT,g/kg,139
Colombia,SGMEAT,g/kg,142
Colombia,PGMEAT,g/kg,113
Colombia,PTMEAT,g/kg,110
Colombia,BVMILK,g/kg,36
Colombia,PTEGGS,g/kg,99
Comoros,BVMEAT,g/kg,147
Comoros,SGMEAT,g/kg,140
Comoros,PGMEAT,g/kg,110
Comoros,PTMEAT,g/kg,123
Comoros,BVMILK,g/kg,31
Comoros,PTEGGS,g/kg,104
CongoDemR,BVMEAT,g/kg,155
CongoDemR,SGMEAT,g/kg,150
CongoDemR,PGMEAT,g/kg,117
CongoDemR,PTMEAT,g/kg,123
CongoDemR,BVMILK,g/kg,34
CongoDemR,PTEGGS,g/kg,106
CongoRep,BVMEAT,g/kg,158
CongoRep,SGMEAT,g/kg,139
CongoRep,PGMEAT,g/kg,103
CongoRep,PTMEAT,g/kg,125
CongoRep,BVMILK,g/kg,33
CongoRep,PTEGGS,g/kg,103
CostaRica,BVMEAT,g/kg,148
CostaRica,SGMEAT,g/kg,157
CostaRica,PGMEAT,g/kg,94
CostaRica,PTMEAT,g/kg,108
CostaRica,BVMILK,g/kg,34
CostaRica,PTEGGS,g/kg,99
CotedIvoire,BVMEAT,g/kg,147
CotedIvoire,SGMEAT,g/kg,143
CotedIvoire,PGMEAT,g/kg,115
CotedIvoire,PTMEAT,g/kg,123
CotedIvoire,BVMILK,g/kg,33
CotedIvoire,PTEGGS,g/kg,104
Croatia,BVMEAT,g/kg,147
Croatia,SGMEAT,g/kg,136
Croatia,PGMEAT,g/kg,87
Croatia,PTMEAT,g/kg,131
Croatia,BVMILK,g/kg,31
Croatia,PTEGGS,g/kg,107
Cuba,BVMEAT,g/kg,141
Cuba,SGMEAT,g/kg,153
Cuba,PGMEAT,g/kg,109
Cuba,PTMEAT,g/kg,117
Cuba,BVMILK,g/kg,29
Cuba,PTEGGS,g/kg,99
Cyprus,BVMEAT,g/kg,144
Cyprus,SGMEAT,g/kg,149
Cyprus,PGMEAT,g/kg,88
Cyprus,PTMEAT,g/kg,132
Cyprus,BVMILK,g/kg,35
Cyprus,PTEGGS,g/kg,107
CzechRep,BVMEAT,g/kg,129
CzechRep,SGMEAT,g/kg,131
CzechRep,PGMEAT,g/kg,94
CzechRep,PTMEAT,g/kg,125
CzechRep,BVMILK,g/kg,37
CzechRep,PTEGGS,g/kg,107
Denmark,BVMEAT,g/kg,129
Denmark,SGMEAT,g/kg,126
Denmark,PGMEAT,g/kg,93
Denmark,PTMEAT,g/kg,146
Denmark,BVMILK,g/kg,33
Denmark,PTEGGS,g/kg,119
Djibouti,BVMEAT,g/kg,147
Djibouti,SGMEAT,g/kg,138
Djibouti,PGMEAT,g/kg,80
Djibouti,PTMEAT,g/kg,122
Djibouti,BVMILK,g/kg,34
Djibouti,PTEGGS,g/kg,108
DominicanRp,BVMEAT,g/kg,139
DominicanRp,SGMEAT,g/kg,165
DominicanRp,PGMEAT,g/kg,95
DominicanRp,PTMEAT,g/kg,108
DominicanRp,BVMILK,g/kg,33
DominicanRp,PTEGGS,g/kg,99
Ecuador,BVMEAT,g/kg,139
Ecuador,SGMEAT,g/kg,141
Ecuador,PGMEAT,g/kg,98
Ecuador,PTMEAT,g/kg,116
Ecuador,BVMILK,g/kg,33
Ecuador,PTEGGS,g/kg,99
Egypt,BVMEAT,g/kg,136
Egypt,SGMEAT,g/kg,143
Egypt,PGMEAT,g/kg,73
Egypt,PTMEAT,g/kg,128
Egypt,BVMILK,g/kg,31
Egypt,PTEGGS,g/kg,107
ElSalvador,BVMEAT,g/kg,161
ElSalvador,SGMEAT,g/kg,183
ElSalvador,PGMEAT,g/kg,96
ElSalvador,PTMEAT,g/kg,108
ElSalvador,BVMILK,g/kg,33
ElSalvador,PTEGGS,g/kg,99
EqGuinea,BVMEAT,g/kg,148
EqGuinea,SGMEAT,g/kg,145
EqGuinea,PGMEAT,g/kg,114
EqGuinea,PTMEAT,g/kg,125
EqGuinea,BVMILK,g/kg,33
EqGuinea,PTEGGS,g/kg,105
Eritrea,BVMEAT,g/kg,148
Eritrea,SGMEAT,g/kg,137
Eritrea,PGMEAT,g/kg,116
Eritrea,PTMEAT,g/kg,124
Eritrea,BVMILK,g/kg,35
Eritrea,PTEGGS,g/kg,108
Estonia,BVMEAT,g/kg,153
Estonia,SGMEAT,g/kg,135
Estonia,PGMEAT,g/kg,89
Estonia,PTMEAT,g/kg,127
Estonia,BVMILK,g/kg,34
Estonia,PTEGGS,g/kg,107
Ethiopia,BVMEAT,g/kg,147
Ethiopia,SGMEAT,g/kg,138
Ethiopia,PGMEAT,g/kg,183
Ethiopia,PTMEAT,g/kg,123
Ethiopia,BVMILK,g/kg,33
Ethiopia,PTEGGS,g/kg,104
FalklandIs,BVMEAT,g/kg,137
FalklandIs,SGMEAT,g/kg,140
FalklandIs,PGMEAT,g/kg,108
FalklandIs,PTMEAT,g/kg,128
FalklandIs,BVMILK,g/kg,33
FalklandIs,PTEGGS,g/kg,99
FijiIslands,BVMEAT,g/kg,143
FijiIslands,SGMEAT,g/kg,125
FijiIslands,PGMEAT,g/kg,111
FijiIslands,PTMEAT,g/kg,119
FijiIslands,BVMILK,g/kg,30
FijiIslands,PTEGGS,g/kg,110
Finland,BVMEAT,g/kg,152
Finland,SGMEAT,g/kg,122
Finland,PGMEAT,g/kg,95
Finland,PTMEAT,g/kg,148
Finland,BVMILK,g/kg,28
Finland,PTEGGS,g/kg,114
France,BVMEAT,g/kg,144
France,SGMEAT,g/kg,126
France,PGMEAT,g/kg,95
France,PTMEAT,g/kg,143
France,BVMILK,g/kg,34
France,PTEGGS,g/kg,114
FrGuiana,BVMEAT,g/kg,137
FrGuiana,SGMEAT,g/kg,140
FrGuiana,PGMEAT,g/kg,108
FrGuiana,PTMEAT,g/kg,128
FrGuiana,BVMILK,g/kg,33
FrGuiana,PTEGGS,g/kg,99
FrPolynesia,BVMEAT,g/kg,148
FrPolynesia,SGMEAT,g/kg,124
FrPolynesia,PGMEAT,g/kg,98
FrPolynesia,PTMEAT,g/kg,123
FrPolynesia,BVMILK,g/kg,32
FrPolynesia,PTEGGS,g/kg,115
Gabon,BVMEAT,g/kg,150
Gabon,SGMEAT,g/kg,145
Gabon,PGMEAT,g/kg,107
Gabon,PTMEAT,g/kg,129
Gabon,BVMILK,g/kg,32
Gabon,PTEGGS,g/kg,104
Gambia,BVMEAT,g/kg,149
Gambia,SGMEAT,g/kg,145
Gambia,PGMEAT,g/kg,111
Gambia,PTMEAT,g/kg,123
Gambia,BVMILK,g/kg,33
Gambia,PTEGGS,g/kg,104
Georgia,BVMEAT,g/kg,147
Georgia,SGMEAT,g/kg,135
Georgia,PGMEAT,g/kg,92
Georgia,PTMEAT,g/kg,124
Georgia,BVMILK,g/kg,34
Georgia,PTEGGS,g/kg,107
Germany,BVMEAT,g/kg,129
Germany,SGMEAT,g/kg,125
Germany,PGMEAT,g/kg,101
Germany,PTMEAT,g/kg,148
Germany,BVMILK,g/kg,30
Germany,PTEGGS,g/kg,114
Ghana,BVMEAT,g/kg,150
Ghana,SGMEAT,g/kg,143
Ghana,PGMEAT,g/kg,111
Ghana,PTMEAT,g/kg,116
Ghana,BVMILK,g/kg,34
Ghana,PTEGGS,g/kg,104
Greece,BVMEAT,g/kg,130
Greece,SGMEAT,g/kg,136
Greece,PGMEAT,g/kg,88
Greece,PTMEAT,g/kg,150
Greece,BVMILK,g/kg,34
Greece,PTEGGS,g/kg,114
Greenland,BVMEAT,g/kg,128
Greenland,SGMEAT,g/kg,126
Greenland,PGMEAT,g/kg,96
Greenland,PTMEAT,g/kg,148
Greenland,BVMILK,g/kg,30
Greenland,PTEGGS,g/kg,113
Guadeloupe,BVMEAT,g/kg,149
Guadeloupe,SGMEAT,g/kg,157
Guadeloupe,PGMEAT,g/kg,101
Guadeloupe,PTMEAT,g/kg,111
Guadeloupe,BVMILK,g/kg,34
Guadeloupe,PTEGGS,g/kg,99
Guatemala,BVMEAT,g/kg,159
Guatemala,SGMEAT,g/kg,135
Guatemala,PGMEAT,g/kg,94
Guatemala,PTMEAT,g/kg,109
Guatemala,BVMILK,g/kg,33
Guatemala,PTEGGS,g/kg,99
Guinea,BVMEAT,g/kg,147
Guinea,SGMEAT,g/kg,141
Guinea,PGMEAT,g/kg,116
Guinea,PTMEAT,g/kg,123
Guinea,BVMILK,g/kg,32
Guinea,PTEGGS,g/kg,103
GuineaBissau,BVMEAT,g/kg,153
GuineaBissau,SGMEAT,g/kg,142
GuineaBissau,PGMEAT,g/kg,116
GuineaBissau,PTMEAT,g/kg,122
GuineaBissau,BVMILK,g/kg,34
GuineaBissau,PTEGGS,g/kg,104
Guyana,BVMEAT,g/kg,145
Guyana,SGMEAT,g/kg,144
Guyana,PGMEAT,g/kg,96
Guyana,PTMEAT,g/kg,116
Guyana,BVMILK,g/kg,35
Guyana,PTEGGS,g/kg,98
Haiti,BVMEAT,g/kg,139
Haiti,SGMEAT,g/kg,182
Haiti,PGMEAT,g/kg,111
Haiti,PTMEAT,g/kg,109
Haiti,BVMILK,g/kg,34
Haiti,PTEGGS,g/kg,98
Honduras,BVMEAT,g/kg,161
Honduras,SGMEAT,g/kg,183
Honduras,PGMEAT,g/kg,107
Honduras,PTMEAT,g/kg,117
Honduras,BVMILK,g/kg,33
Honduras,PTEGGS,g/kg,99
Hungary,BVMEAT,g/kg,115
Hungary,SGMEAT,g/kg,123
Hungary,PGMEAT,g/kg,88
Hungary,PTMEAT,g/kg,146
Hungary,BVMILK,g/kg,33
Hungary,PTEGGS,g/kg,114
Iceland,BVMEAT,g/kg,146
Iceland,SGMEAT,g/kg,125
Iceland,PGMEAT,g/kg,96
Iceland,PTMEAT,g/kg,148
Iceland,BVMILK,g/kg,36
Iceland,PTEGGS,g/kg,113
India,BVMEAT,g/kg,134
India,SGMEAT,g/kg,145
India,PGMEAT,g/kg,109
India,PTMEAT,g/kg,121
India,BVMILK,g/kg,36
India,PTEGGS,g/kg,107
Indonesia,BVMEAT,g/kg,134
Indonesia,SGMEAT,g/kg,138
Indonesia,PGMEAT,g/kg,111
Indonesia,PTMEAT,g/kg,123
Indonesia,BVMILK,g/kg,35
Indonesia,PTEGGS,g/kg,115
Iran,BVMEAT,g/kg,150
Iran,SGMEAT,g/kg,141
Iran,PGMEAT,g/kg,96
Iran,PTMEAT,g/kg,130
Iran,BVMILK,g/kg,34
Iran,PTEGGS,g/kg,107
Iraq,BVMEAT,g/kg,146
Iraq,SGMEAT,g/kg,139
Iraq,PGMEAT,g/kg,96
Iraq,PTMEAT,g/kg,133
Iraq,BVMILK,g/kg,34
Iraq,PTEGGS,g/kg,108
Ireland,BVMEAT,g/kg,146
Ireland,SGMEAT,g/kg,125
Ireland,PGMEAT,g/kg,94
Ireland,PTMEAT,g/kg,149
Ireland,BVMILK,g/kg,30
Ireland,PTEGGS,g/kg,113
Israel,BVMEAT,g/kg,148
Israel,SGMEAT,g/kg,133
Israel,PGMEAT,g/kg,97
Israel,PTMEAT,g/kg,153
Israel,BVMILK,g/kg,32
Israel,PTEGGS,g/kg,115
Italy,BVMEAT,g/kg,149
Italy,SGMEAT,g/kg,125
Italy,PGMEAT,g/kg,96
Italy,PTMEAT,g/kg,152
Italy,BVMILK,g/kg,25
Italy,PTEGGS,g/kg,114
Jamaica,BVMEAT,g/kg,155
Jamaica,SGMEAT,g/kg,143
Jamaica,PGMEAT,g/kg,78
Jamaica,PTMEAT,g/kg,109
Jamaica,BVMILK,g/kg,34
Jamaica,PTEGGS,g/kg,105
Japan,BVMEAT,g/kg,144
Japan,SGMEAT,g/kg,122
Japan,PGMEAT,g/kg,98
Japan,PTMEAT,g/kg,126
Japan,BVMILK,g/kg,36
Japan,PTEGGS,g/kg,115
Jordan,BVMEAT,g/kg,144
Jordan,SGMEAT,g/kg,138
Jordan,PGMEAT,g/kg,96
Jordan,PTMEAT,g/kg,131
Jordan,BVMILK,g/kg,35
Jordan,PTEGGS,g/kg,107
Kazakhstan,BVMEAT,g/kg,148
Kazakhstan,SGMEAT,g/kg,135
Kazakhstan,PGMEAT,g/kg,110
Kazakhstan,PTMEAT,g/kg,123
Kazakhstan,BVMILK,g/kg,33
Kazakhstan,PTEGGS,g/kg,107
Kenya,BVMEAT,g/kg,148
Kenya,SGMEAT,g/kg,145
Kenya,PGMEAT,g/kg,90
Kenya,PTMEAT,g/kg,124
Kenya,BVMILK,g/kg,31
Kenya,PTEGGS,g/kg,105
KoreaDPRp,BVMEAT,g/kg,137
KoreaDPRp,SGMEAT,g/kg,151
KoreaDPRp,PGMEAT,g/kg,111
KoreaDPRp,PTMEAT,g/kg,117
KoreaDPRp,BVMILK,g/kg,31
KoreaDPRp,PTEGGS,g/kg,115
KoreaRep,BVMEAT,g/kg,133
KoreaRep,SGMEAT,g/kg,139
KoreaRep,PGMEAT,g/kg,101
KoreaRep,PTMEAT,g/kg,121
KoreaRep,BVMILK,g/kg,34
KoreaRep,PTEGGS,g/kg,115
Kuwait,BVMEAT,g/kg,128
Kuwait,SGMEAT,g/kg,135
Kuwait,PGMEAT,g/kg,96
Kuwait,PTMEAT,g/kg,124
Kuwait,BVMILK,g/kg,34
Kuwait,PTEGGS,g/kg,107
Kyrgyzstan,BVMEAT,g/kg,148
Kyrgyzstan,SGMEAT,g/kg,136
Kyrgyzstan,PGMEAT,g/kg,97
Kyrgyzstan,PTMEAT,g/kg,123
Kyrgyzstan,BVMILK,g/kg,34
Kyrgyzstan,PTEGGS,g/kg,107
Laos,BVMEAT,g/kg,126
Laos,SGMEAT,g/kg,154
Laos,PGMEAT,g/kg,111
Laos,PTMEAT,g/kg,116
Laos,BVMILK,g/kg,34
Laos,PTEGGS,g/kg,107
Latvia,BVMEAT,g/kg,145
Latvia,SGMEAT,g/kg,133
Latvia,PGMEAT,g/kg,102
Latvia,PTMEAT,g/kg,125
Latvia,BVMILK,g/kg,32
Latvia,PTEGGS,g/kg,107
Lebanon,BVMEAT,g/kg,145
Lebanon,SGMEAT,g/kg,141
Lebanon,PGMEAT,g/kg,96
Lebanon,PTMEAT,g/kg,131
Lebanon,BVMILK,g/kg,32
Lebanon,PTEGGS,g/kg,107
Lesotho,BVMEAT,g/kg,146
Lesotho,SGMEAT,g/kg,143
Lesotho,PGMEAT,g/kg,116
Lesotho,PTMEAT,g/kg,123
Lesotho,BVMILK,g/kg,31
Lesotho,PTEGGS,g/kg,102
Liberia,BVMEAT,g/kg,149
Liberia,SGMEAT,g/kg,137
Liberia,PGMEAT,g/kg,113
Liberia,PTMEAT,g/kg,123
Liberia,BVMILK,g/kg,36
Liberia,PTEGGS,g/kg,105
Libya,BVMEAT,g/kg,151
Libya,SGMEAT,g/kg,139
Libya,PGMEAT,g/kg,89
Libya,PTMEAT,g/kg,130
Libya,BVMILK,g/kg,37
Libya,PTEGGS,g/kg,107
Lithuania,BVMEAT,g/kg,146
Lithuania,SGMEAT,g/kg,135
Lithuania,PGMEAT,g/kg,107
Lithuania,PTMEAT,g/kg,125
Lithuania,BVMILK,g/kg,31
Lithuania,PTEGGS,g/kg,107
Luxembourg,BVMEAT,g/kg,139
Luxembourg,SGMEAT,g/kg,126
Luxembourg,PGMEAT,g/kg,100
Luxembourg,PTMEAT,g/kg,145
Luxembourg,BVMILK,g/kg,32
Luxembourg,PTEGGS,g/kg,114
Macedonia,BVMEAT,g/kg,142
Macedonia,SGMEAT,g/kg,135
Macedonia,PGMEAT,g/kg,101
Macedonia,PTMEAT,g/kg,125
Macedonia,BVMILK,g/kg,31
Macedonia,PTEGGS,g/kg,107
Madagascar,BVMEAT,g/kg,149
Madagascar,SGMEAT,g/kg,149
Madagascar,PGMEAT,g/kg,115
Madagascar,PTMEAT,g/kg,123
Madagascar,BVMILK,g/kg,31
Madagascar,PTEGGS,g/kg,106
Malawi,BVMEAT,g/kg,146
Malawi,SGMEAT,g/kg,153
Malawi,PGMEAT,g/kg,105
Malawi,PTMEAT,g/kg,124
Malawi,BVMILK,g/kg,31
Malawi,PTEGGS,g/kg,104
Malaysia,BVMEAT,g/kg,147
Malaysia,SGMEAT,g/kg,129
Malaysia,PGMEAT,g/kg,109
Malaysia,PTMEAT,g/kg,120
Malaysia,BVMILK,g/kg,28
Malaysia,PTEGGS,g/kg,115
Mali,BVMEAT,g/kg,152
Mali,SGMEAT,g/kg,146
Mali,PGMEAT,g/kg,120
Mali,PTMEAT,g/kg,123
Mali,BVMILK,g/kg,38
Mali,PTEGGS,g/kg,102
Malta,BVMEAT,g/kg,133
Malta,SGMEAT,g/kg,139
Malta,PGMEAT,g/kg,92
Malta,PTMEAT,g/kg,148
Malta,BVMILK,g/kg,34
Malta,PTEGGS,g/kg,114
Mauritania,BVMEAT,g/kg,143
Mauritania,SGMEAT,g/kg,144
Mauritania,PGMEAT,g/kg,116
Mauritania,PTMEAT,g/kg,113
Mauritania,BVMILK,g/kg,39
Mauritania,PTEGGS,g/kg,104
Mauritius,BVMEAT,g/kg,154
Mauritius,SGMEAT,g/kg,133
Mauritius,PGMEAT,g/kg,125
Mauritius,PTMEAT,g/kg,124
Mauritius,BVMILK,g/kg,34
Mauritius,PTEGGS,g/kg,104
Mexico,BVMEAT,g/kg,148
Mexico,SGMEAT,g/kg,151
Mexico,PGMEAT,g/kg,108
Mexico,PTMEAT,g/kg,105
Mexico,BVMILK,g/kg,32
Mexico,PTEGGS,g/kg,101
MoldovaRep,BVMEAT,g/kg,148
MoldovaRep,SGMEAT,g/kg,135
MoldovaRep,PGMEAT,g/kg,112
MoldovaRep,PTMEAT,g/kg,126
MoldovaRep,BVMILK,g/kg,33
MoldovaRep,PTEGGS,g/kg,107
Mongolia,BVMEAT,g/kg,139
Mongolia,SGMEAT,g/kg,126
Mongolia,PGMEAT,g/kg,115
Mongolia,PTMEAT,g/kg,146
Mongolia,BVMILK,g/kg,32
Mongolia,PTEGGS,g/kg,114
Morocco,BVMEAT,g/kg,145
Morocco,SGMEAT,g/kg,135
Morocco,PGMEAT,g/kg,183
Morocco,PTMEAT,g/kg,123
Morocco,BVMILK,g/kg,31
Morocco,PTEGGS,g/kg,104
Mozambique,BVMEAT,g/kg,146
Mozambique,SGMEAT,g/kg,143
Mozambique,PGMEAT,g/kg,109
Mozambique,PTMEAT,g/kg,122
Mozambique,BVMILK,g/kg,32
Mozambique,PTEGGS,g/kg,105
Myanmar,BVMEAT,g/kg,134
Myanmar,SGMEAT,g/kg,154
Myanmar,PGMEAT,g/kg,111
Myanmar,PTMEAT,g/kg,119
Myanmar,BVMILK,g/kg,43
Myanmar,PTEGGS,g/kg,108
Namibia,BVMEAT,g/kg,146
Namibia,SGMEAT,g/kg,142
Namibia,PGMEAT,g/kg,112
Namibia,PTMEAT,g/kg,128
Namibia,BVMILK,g/kg,28
Namibia,PTEGGS,g/kg,104
Nepal,BVMEAT,g/kg,120
Nepal,SGMEAT,g/kg,154
Nepal,PGMEAT,g/kg,109
Nepal,PTMEAT,g/kg,121
Nepal,BVMILK,g/kg,36
Nepal,PTEGGS,g/kg,108
Netherlands,BVMEAT,g/kg,148
Netherlands,SGMEAT,g/kg,127
Netherlands,PGMEAT,g/kg,107
Netherlands,PTMEAT,g/kg,147
Netherlands,BVMILK,g/kg,30
Netherlands,PTEGGS,g/kg,114
NewCaledonia,BVMEAT,g/kg,141
NewCaledonia,SGMEAT,g/kg,123
NewCaledonia,PGMEAT,g/kg,104
NewCaledonia,PTMEAT,g/kg,125
NewCaledonia,BVMILK,g/kg,34
NewCaledonia,PTEGGS,g/kg,115
NewZealand,BVMEAT,g/kg,126
NewZealand,SGMEAT,g/kg,122
NewZealand,PGMEAT,g/kg,81
NewZealand,PTMEAT,g/kg,126
NewZealand,BVMILK,g/kg,28
NewZealand,PTEGGS,g/kg,107
Nicaragua,BVMEAT,g/kg,149
Nicaragua,SGMEAT,g/kg,157
Nicaragua,PGMEAT,g/kg,97
Nicaragua,PTMEAT,g/kg,116
Nicaragua,BVMILK,g/kg,34
Nicaragua,PTEGGS,g/kg,99
Niger,BVMEAT,g/kg,148
Niger,SGMEAT,g/kg,141
Niger,PGMEAT,g/kg,110
Niger,PTMEAT,g/kg,123
Niger,BVMILK,g/kg,32
Niger,PTEGGS,g/kg,104
Nigeria,BVMEAT,g/kg,146
Nigeria,SGMEAT,g/kg,141
Nigeria,PGMEAT,g/kg,116
Nigeria,PTMEAT,g/kg,113
Nigeria,BVMILK,g/kg,35
Nigeria,PTEGGS,g/kg,104
Norway,BVMEAT,g/kg,131
Norway,SGMEAT,g/kg,126
Norway,PGMEAT,g/kg,97
Norway,PTMEAT,g/kg,148
Norway,BVMILK,g/kg,31
Norway,PTEGGS,g/kg,114
Oman,BVMEAT,g/kg,146
Oman,SGMEAT,g/kg,139
Oman,PGMEAT,g/kg,96
Oman,PTMEAT,g/kg,133
Oman,BVMILK,g/kg,34
Oman,PTEGGS,g/kg,108
Pakistan,BVMEAT,g/kg,126
Pakistan,SGMEAT,g/kg,151
Pakistan,PGMEAT,g/kg,111
Pakistan,PTMEAT,g/kg,123
Pakistan,BVMILK,g/kg,37
Pakistan,PTEGGS,g/kg,107
Palestin,BVMEAT,g/kg,146
Palestin,SGMEAT,g/kg,139
Palestin,PGMEAT,g/kg,96
Palestin,PTMEAT,g/kg,133
Palestin,BVMILK,g/kg,34
Palestin,PTEGGS,g/kg,108
Panama,BVMEAT,g/kg,141
Panama,SGMEAT,g/kg,157
Panama,PGMEAT,g/kg,96
Panama,PTMEAT,g/kg,110
Panama,BVMILK,g/kg,55
Panama,PTEGGS,g/kg,99
PapuaNGuin,BVMEAT,g/kg,144
PapuaNGuin,SGMEAT,g/kg,127
PapuaNGuin,PGMEAT,g/kg,107
PapuaNGuin,PTMEAT,g/kg,122
PapuaNGuin,BVMILK,g/kg,32
PapuaNGuin,PTEGGS,g/kg,112
Paraguay,BVMEAT,g/kg,139
Paraguay,SGMEAT,g/kg,140
Paraguay,PGMEAT,g/kg,125
Paraguay,PTMEAT,g/kg,108
Paraguay,BVMILK,g/kg,33
Paraguay,PTEGGS,g/kg,99
Peru,BVMEAT,g/kg,212
Peru,SGMEAT,g/kg,155
Peru,PGMEAT,g/kg,145
Peru,PTMEAT,g/kg,182
Peru,BVMILK,g/kg,32
Peru,PTEGGS,g/kg,99
Philippines,BVMEAT,g/kg,144
Philippines,SGMEAT,g/kg,155
Philippines,PGMEAT,g/kg,111
Philippines,PTMEAT,g/kg,122
Philippines,BVMILK,g/kg,34
Philippines,PTEGGS,g/kg,115
Poland,BVMEAT,g/kg,161
Poland,SGMEAT,g/kg,111
Poland,PGMEAT,g/kg,116
Poland,PTMEAT,g/kg,147
Poland,BVMILK,g/kg,28
Poland,PTEGGS,g/kg,114
Portugal,BVMEAT,g/kg,149
Portugal,SGMEAT,g/kg,126
Portugal,PGMEAT,g/kg,99
Portugal,PTMEAT,g/kg,150
Portugal,BVMILK,g/kg,31
Portugal,PTEGGS,g/kg,114
PuertoRico,BVMEAT,g/kg,124
PuertoRico,SGMEAT,g/kg,134
PuertoRico,PGMEAT,g/kg,98
PuertoRico,PTMEAT,g/kg,132
PuertoRico,BVMILK,g/kg,32
PuertoRico,PTEGGS,g/kg,107
Qatar,BVMEAT,g/kg,146
Qatar,SGMEAT,g/kg,139
Qatar,PGMEAT,g/kg,96
Qatar,PTMEAT,g/kg,133
Qatar,BVMILK,g/kg,34
Qatar,PTEGGS,g/kg,108
Reunion,BVMEAT,g/kg,149
Reunion,SGMEAT,g/kg,143
Reunion,PGMEAT,g/kg,110
Reunion,PTMEAT,g/kg,124
Reunion,BVMILK,g/kg,32
Reunion,PTEGGS,g/kg,104
Romania,BVMEAT,g/kg,158
Romania,SGMEAT,g/kg,127
Romania,PGMEAT,g/kg,109
Romania,PTMEAT,g/kg,148
Romania,BVMILK,g/kg,35
Romania,PTEGGS,g/kg,114
RussianFed,BVMEAT,g/kg,147
RussianFed,SGMEAT,g/kg,136
RussianFed,PGMEAT,g/kg,115
RussianFed,PTMEAT,g/kg,126
RussianFed,BVMILK,g/kg,35
RussianFed,PTEGGS,g/kg,107
Rwanda,BVMEAT,g/kg,146
Rwanda,SGMEAT,g/kg,137
Rwanda,PGMEAT,g/kg,117
Rwanda,PTMEAT,g/kg,124
Rwanda,BVMILK,g/kg,32
Rwanda,PTEGGS,g/kg,102
Samoa,BVMEAT,g/kg,138
Samoa,SGMEAT,g/kg,135
Samoa,PGMEAT,g/kg,111
Samoa,PTMEAT,g/kg,123
Samoa,BVMILK,g/kg,31
Samoa,PTEGGS,g/kg,113
SaudiArabia,BVMEAT,g/kg,142
SaudiArabia,SGMEAT,g/kg,139
SaudiArabia,PGMEAT,g/kg,96
SaudiArabia,PTMEAT,g/kg,129
SaudiArabia,BVMILK,g/kg,34
SaudiArabia,PTEGGS,g/kg,107
Senegal,BVMEAT,g/kg,146
Senegal,SGMEAT,g/kg,144
Senegal,PGMEAT,g/kg,116
Senegal,PTMEAT,g/kg,123
Senegal,BVMILK,g/kg,35
Senegal,PTEGGS,g/kg,104
Serbia-Monte,BVMEAT,g/kg,137
Serbia-Monte,SGMEAT,g/kg,135
Serbia-Monte,PGMEAT,g/kg,100
Serbia-Monte,PTMEAT,g/kg,127
Serbia-Monte,BVMILK,g/kg,33
Serbia-Monte,PTEGGS,g/kg,107
SierraLeone,BVMEAT,g/kg,153
SierraLeone,SGMEAT,g/kg,146
SierraLeone,PGMEAT,g/kg,116
SierraLeone,PTMEAT,g/kg,113
SierraLeone,BVMILK,g/kg,31
SierraLeone,PTEGGS,g/kg,104
Singapore,BVMEAT,g/kg,141
Singapore,SGMEAT,g/kg,155
Singapore,PGMEAT,g/kg,111
Singapore,PTMEAT,g/kg,123
Singapore,BVMILK,g/kg,34
Singapore,PTEGGS,g/kg,115
Slovakia,BVMEAT,g/kg,124
Slovakia,SGMEAT,g/kg,139
Slovakia,PGMEAT,g/kg,94
Slovakia,PTMEAT,g/kg,142
Slovakia,BVMILK,g/kg,30
Slovakia,PTEGGS,g/kg,107
Slovenia,BVMEAT,g/kg,137
Slovenia,SGMEAT,g/kg,133
Slovenia,PGMEAT,g/kg,101
Slovenia,PTMEAT,g/kg,128
Slovenia,BVMILK,g/kg,32
Slovenia,PTEGGS,g/kg,107
SolomonIs,BVMEAT,g/kg,139
SolomonIs,SGMEAT,g/kg,127
SolomonIs,PGMEAT,g/kg,110
SolomonIs,PTMEAT,g/kg,122
SolomonIs,BVMILK,g/kg,33
SolomonIs,PTEGGS,g/kg,116
Somalia,BVMEAT,g/kg,149
Somalia,SGMEAT,g/kg,144
Somalia,PGMEAT,g/kg,116
Somalia,PTMEAT,g/kg,121
Somalia,BVMILK,g/kg,36
Somalia,PTEGGS,g/kg,104
SouthAfrica,BVMEAT,g/kg,147
SouthAfrica,SGMEAT,g/kg,132
SouthAfrica,PGMEAT,g/kg,97
SouthAfrica,PTMEAT,g/kg,144
SouthAfrica,BVMILK,g/kg,31
SouthAfrica,PTEGGS,g/kg,114
Spain,BVMEAT,g/kg,144
Spain,SGMEAT,g/kg,127
Spain,PGMEAT,g/kg,97
Spain,PTMEAT,g/kg,148
Spain,BVMILK,g/kg,32
Spain,PTEGGS,g/kg,114
SriLanka,BVMEAT,g/kg,149
SriLanka,SGMEAT,g/kg,150
SriLanka,PGMEAT,g/kg,130
SriLanka,PTMEAT,g/kg,124
SriLanka,BVMILK,g/kg,33
SriLanka,PTEGGS,g/kg,113
Sudan,BVMEAT,g/kg,151
Sudan,SGMEAT,g/kg,146
Sudan,PGMEAT,g/kg,116
Sudan,PTMEAT,g/kg,130
Sudan,BVMILK,g/kg,37
Sudan,PTEGGS,g/kg,106
Suriname,BVMEAT,g/kg,134
Suriname,SGMEAT,g/kg,153
Suriname,PGMEAT,g/kg,102
Suriname,PTMEAT,g/kg,108
Suriname,BVMILK,g/kg,36
Suriname,PTEGGS,g/kg,99
Swaziland,BVMEAT,g/kg,152
Swaziland,SGMEAT,g/kg,140
Swaziland,PGMEAT,g/kg,101
Swaziland,PTMEAT,g/kg,124
Swaziland,BVMILK,g/kg,33
Swaziland,PTEGGS,g/kg,103
Sweden,BVMEAT,g/kg,143
Sweden,SGMEAT,g/kg,123
Sweden,PGMEAT,g/kg,118
Sweden,PTMEAT,g/kg,149
Sweden,BVMILK,g/kg,29
Sweden,PTEGGS,g/kg,115
Switzerland,BVMEAT,g/kg,126
Switzerland,SGMEAT,g/kg,128
Switzerland,PGMEAT,g/kg,96
Switzerland,PTMEAT,g/kg,148
Switzerland,BVMILK,g/kg,29
Switzerland,PTEGGS,g/kg,113
Syria,BVMEAT,g/kg,140
Syria,SGMEAT,g/kg,136
Syria,PGMEAT,g/kg,96
Syria,PTMEAT,g/kg,131
Syria,BVMILK,g/kg,36
Syria,PTEGGS,g/kg,107
Tajikistan,BVMEAT,g/kg,147
Tajikistan,SGMEAT,g/kg,135
Tajikistan,PGMEAT,g/kg,81
Tajikistan,PTMEAT,g/kg,124
Tajikistan,BVMILK,g/kg,34
Tajikistan,PTEGGS,g/kg,106
Tanzania,BVMEAT,g/kg,145
Tanzania,SGMEAT,g/kg,148
Tanzania,PGMEAT,g/kg,107
Tanzania,PTMEAT,g/kg,122
Tanzania,BVMILK,g/kg,31
Tanzania,PTEGGS,g/kg,105
Thailand,BVMEAT,g/kg,142
Thailand,SGMEAT,g/kg,183
Thailand,PGMEAT,g/kg,111
Thailand,PTMEAT,g/kg,124
Thailand,BVMILK,g/kg,30
Thailand,PTEGGS,g/kg,115
TimorLeste,BVMEAT,g/kg,141
TimorLeste,SGMEAT,g/kg,155
TimorLeste,PGMEAT,g/kg,111
TimorLeste,PTMEAT,g/kg,123
TimorLeste,BVMILK,g/kg,34
TimorLeste,PTEGGS,g/kg,115
Togo,BVMEAT,g/kg,147
Togo,SGMEAT,g/kg,136
Togo,PGMEAT,g/kg,115
Togo,PTMEAT,g/kg,131
Togo,BVMILK,g/kg,31
Togo,PTEGGS,g/kg,105
TrinidadTob,BVMEAT,g/kg,163
TrinidadTob,SGMEAT,g/kg,157
TrinidadTob,PGMEAT,g/kg,102
TrinidadTob,PTMEAT,g/kg,110
TrinidadTob,BVMILK,g/kg,35
TrinidadTob,PTEGGS,g/kg,100
Tunisia,BVMEAT,g/kg,146
Tunisia,SGMEAT,g/kg,136
Tunisia,PGMEAT,g/kg,89
Tunisia,PTMEAT,g/kg,131
Tunisia,BVMILK,g/kg,32
Tunisia,PTEGGS,g/kg,104
Turkey,BVMEAT,g/kg,167
Turkey,SGMEAT,g/kg,124
Turkey,PGMEAT,g/kg,98
Turkey,PTMEAT,g/kg,124
Turkey,BVMILK,g/kg,34
Turkey,PTEGGS,g/kg,115
Turkmenistan,BVMEAT,g/kg,148
Turkmenistan,SGMEAT,g/kg,135
Turkmenistan,PGMEAT,g/kg,95
Turkmenistan,PTMEAT,g/kg,123
Turkmenistan,BVMILK,g/kg,33
Turkmenistan,PTEGGS,g/kg,107
Uganda,BVMEAT,g/kg,145
Uganda,SGMEAT,g/kg,151
Uganda,PGMEAT,g/kg,105
Uganda,PTMEAT,g/kg,123
Uganda,BVMILK,g/kg,31
Uganda,PTEGGS,g/kg,105
UK,BVMEAT,g/kg,132
UK,SGMEAT,g/kg,123
UK,PGMEAT,g/kg,98
UK,PTMEAT,g/kg,148
UK,BVMILK,g/kg,30
UK,PTEGGS,g/kg,113
Ukraine,BVMEAT,g/kg,147
Ukraine,SGMEAT,g/kg,138
Ukraine,PGMEAT,g/kg,110
Ukraine,PTMEAT,g/kg,123
Ukraine,BVMILK,g/kg,32
Ukraine,PTEGGS,g/kg,107
UntdArabEm,BVMEAT,g/kg,128
UntdArabEm,SGMEAT,g/kg,136
UntdArabEm,PGMEAT,g/kg,96
UntdArabEm,PTMEAT,g/kg,123
UntdArabEm,BVMILK,g/kg,35
UntdArabEm,PTEGGS,g/kg,107
Uruguay,BVMEAT,g/kg,128
Uruguay,SGMEAT,g/kg,132
Uruguay,PGMEAT,g/kg,107
Uruguay,PTMEAT,g/kg,109
Uruguay,BVMILK,g/kg,34
Uruguay,PTEGGS,g/kg,99
USA,BVMEAT,g/kg,124
USA,SGMEAT,g/kg,134
USA,PGMEAT,g/kg,98
USA,PTMEAT,g/kg,132
USA,BVMILK,g/kg,32
USA,PTEGGS,g/kg,107
Uzbekistan,BVMEAT,g/kg,147
Uzbekistan,SGMEAT,g/kg,135
Uzbekistan,PGMEAT,g/kg,108
Uzbekistan,PTMEAT,g/kg,122
Uzbekistan,BVMILK,g/kg,33
Uzbekistan,PTEGGS,g/kg,107
Vanuatu,BVMEAT,g/kg,138
Vanuatu,SGMEAT,g/kg,146
Vanuatu,PGMEAT,g/kg,110
Vanuatu,PTMEAT,g/kg,123
Vanuatu,BVMILK,g/kg,32
Vanuatu,PTEGGS,g/kg,114
Venezuela,BVMEAT,g/kg,117
Venezuela,SGMEAT,g/kg,116
Venezuela,PGMEAT,g/kg,84
Venezuela,PTMEAT,g/kg,130
Venezuela,BVMILK,g/kg,27
Venezuela,PTEGGS,g/kg,99
VietNam,BVMEAT,g/kg,126
VietNam,SGMEAT,g/kg,183
VietNam,PGMEAT,g/kg,110
VietNam,PTMEAT,g/kg,115
VietNam,BVMILK,g/kg,35
VietNam,PTEGGS,g/kg,115
WestSahara,BVMEAT,g/kg,140
WestSahara,SGMEAT,g/kg,136
WestSahara,PGMEAT,g/kg,89
WestSahara,PTMEAT,g/kg,124
WestSahara,BVMILK,g/kg,33
WestSahara,PTEGGS,g/kg,105
Yemen,BVMEAT,g/kg,140
Yemen,SGMEAT,g/kg,147
Yemen,PGMEAT,g/kg,96
Yemen,PTMEAT,g/kg,130
Yemen,BVMILK,g/kg,34
Yemen,PTEGGS,g/kg,107
Zambia,BVMEAT,g/kg,146
Zambia,SGMEAT,g/kg,139
Zambia,PGMEAT,g/kg,115
Zambia,PTMEAT,g/kg,123
Zambia,BVMILK,g/kg,31
Zambia,PTEGGS,g/kg,104
Zimbabwe,BVMEAT,g/kg,146
Zimbabwe,SGMEAT,g/kg,138
Zimbabwe,PGMEAT,g/kg,114
Zimbabwe,PTMEAT,g/kg,125
Zimbabwe,BVMILK,g/kg,30
Zimbabwe,PTEGGS,g/kg,104
ArgentinaReg,SGMILK,g/kg,29
AustraliaReg,SGMILK,g/kg,31
BrazilReg,SGMILK,g/kg,32
CanadaReg,SGMILK,g/kg,26
ChinaReg,SGMILK,g/kg,38
CongoBasin,SGMILK,g/kg,33
EU_Baltic,SGMILK,g/kg,32
EU_CentralEast,SGMILK,g/kg,32
EU_MidWest,SGMILK,g/kg,32
EU_North,SGMILK,g/kg,30
EU_South,SGMILK,g/kg,28
Former_USSR,SGMILK,g/kg,33
IndiaReg,SGMILK,g/kg,36
IndonesiaReg,SGMILK,g/kg,35
JapanReg,SGMILK,g/kg,36
MalaysiaReg,SGMILK,g/kg,28
MexicoReg,SGMILK,g/kg,32
MiddleEast,SGMILK,g/kg,34
NewZealandReg,SGMILK,g/kg,28
NorthernAf,SGMILK,g/kg,33
Pacific_Islands,SGMILK,g/kg,32
RCAM,SGMILK,g/kg,34
RCEU,SGMILK,g/kg,33
ROWE,SGMILK,g/kg,30
RSAM,SGMILK,g/kg,33
RSAS,SGMILK,g/kg,37
RSEA_OPA,SGMILK,g/kg,34
RSEA_PAC,SGMILK,g/kg,34
RussiaReg,SGMILK,g/kg,35
SouthAfrReg,SGMILK,g/kg,31
SouthKorea,SGMILK,g/kg,34
EasternAf,SGMILK,g/kg,32
SouthernAf,SGMILK,g/kg,32
WesternAf,SGMILK,g/kg,36
TurkeyReg,SGMILK,g/kg,34
UkraineReg,SGMILK,g/kg,32
USAReg,SGMILK,g/kg,32
CentralEastEurope,SGMILK,g/kg,32
FormerSovietUnion,SGMILK,g/kg,34
LatinAmericaCarib,SGMILK,g/kg,32
MidEastNorthAfrica,SGMILK,g/kg,33
NorthAmerica,SGMILK,g/kg,31
OtherPacificAsia,SGMILK,g/kg,33
PacificOECD,SGMILK,g/kg,34
PlannedAsiaChina,SGMILK,g/kg,38
SouthAsia,SGMILK,g/kg,36
SubSaharanAfrica,SGMILK,g/kg,34
WesternEurope,SGMILK,g/kg,31
Albania,SGMILK,g/kg,35
Algeria,SGMILK,g/kg,35
Angola,SGMILK,g/kg,31
Argentina,SGMILK,g/kg,29
Armenia,SGMILK,g/kg,33
Australia,SGMILK,g/kg,31
Austria,SGMILK,g/kg,31
Azerbaijan,SGMILK,g/kg,36
Bahamas,SGMILK,g/kg,35
Bahrain,SGMILK,g/kg,34
Bangladesh,SGMILK,g/kg,33
Belarus,SGMILK,g/kg,31
Belgium,SGMILK,g/kg,32
Belize,SGMILK,g/kg,34
Benin,SGMILK,g/kg,31
Bhutan,SGMILK,g/kg,37
Bolivia,SGMILK,g/kg,32
BosniaHerzg,SGMILK,g/kg,32
Botswana,SGMILK,g/kg,36
Brazil,SGMILK,g/kg,32
BruneiDarsm,SGMILK,g/kg,33
Bulgaria,SGMILK,g/kg,32
BurkinaFaso,SGMILK,g/kg,32
Burundi,SGMILK,g/kg,32
Cambodia,SGMILK,g/kg,37
Cameroon,SGMILK,g/kg,34
Canada,SGMILK,g/kg,26
CapeVerde,SGMILK,g/kg,34
CentAfrRep,SGMILK,g/kg,31
Chad,SGMILK,g/kg,32
Chile,SGMILK,g/kg,32
China,SGMILK,g/kg,38
Colombia,SGMILK,g/kg,36
Comoros,SGMILK,g/kg,31
CongoDemR,SGMILK,g/kg,34
CongoRep,SGMILK,g/kg,33
CostaRica,SGMILK,g/kg,34
CotedIvoire,SGMILK,g/kg,33
Croatia,SGMILK,g/kg,31
Cuba,SGMILK,g/kg,29
Cyprus,SGMILK,g/kg,35
CzechRep,SGMILK,g/kg,37
Denmark,SGMILK,g/kg,33
Djibouti,SGMILK,g/kg,34
DominicanRp,SGMILK,g/kg,33
Ecuador,SGMILK,g/kg,33
Egypt,SGMILK,g/kg,31
ElSalvador,SGMILK,g/kg,33
EqGuinea,SGMILK,g/kg,33
Eritrea,SGMILK,g/kg,35
Estonia,SGMILK,g/kg,34
Ethiopia,SGMILK,g/kg,33
FalklandIs,SGMILK,g/kg,33
FijiIslands,SGMILK,g/kg,30
Finland,SGMILK,g/kg,28
France,SGMILK,g/kg,34
FrGuiana,SGMILK,g/kg,33
FrPolynesia,SGMILK,g/kg,32
Gabon,SGMILK,g/kg,32
Gambia,SGMILK,g/kg,33
Georgia,SGMILK,g/kg,34
Germany,SGMILK,g/kg,30
Ghana,SGMILK,g/kg,34
Greece,SGMILK,g/kg,34
Greenland,SGMILK,g/kg,30
Guadeloupe,SGMILK,g/kg,34
Guatemala,SGMILK,g/kg,33
Guinea,SGMILK,g/kg,32
GuineaBissau,SGMILK,g/kg,34
Guyana,SGMILK,g/kg,35
Haiti,SGMILK,g/kg,34
Honduras,SGMILK,g/kg,33
Hungary,SGMILK,g/kg,33
Iceland,SGMILK,g/kg,36
India,SGMILK,g/kg,36
Indonesia,SGMILK,g/kg,35
Iran,SGMILK,g/kg,34
Iraq,SGMILK,g/kg,34
Ireland,SGMILK,g/kg,30
Israel,SGMILK,g/kg,32
Italy,SGMILK,g/kg,25
Jamaica,SGMILK,g/kg,34
Japan,SGMILK,g/kg,36
Jordan,SGMILK,g/kg,35
Kazakhstan,SGMILK,g/kg,33
Kenya,SGMILK,g/kg,31
KoreaDPRp,SGMILK,g/kg,31
KoreaRep,SGMILK,g/kg,34
Kuwait,SGMILK,g/kg,34
Kyrgyzstan,SGMILK,g/kg,34
Laos,SGMILK,g/kg,34
Latvia,SGMILK,g/kg,32
Lebanon,SGMILK,g/kg,32
Lesotho,SGMILK,g/kg,31
Liberia,SGMILK,g/kg,36
Libya,SGMILK,g/kg,37
Lithuania,SGMILK,g/kg,31
Luxembourg,SGMILK,g/kg,32
Macedonia,SGMILK,g/kg,31
Madagascar,SGMILK,g/kg,31
Malawi,SGMILK,g/kg,31
Malaysia,SGMILK,g/kg,28
Mali,SGMILK,g/kg,38
Malta,SGMILK,g/kg,34
Mauritania,SGMILK,g/kg,39
Mauritius,SGMILK,g/kg,34
Mexico,SGMILK,g/kg,32
MoldovaRep,SGMILK,g/kg,33
Mongolia,SGMILK,g/kg,32
Morocco,SGMILK,g/kg,31
Mozambique,SGMILK,g/kg,32
Myanmar,SGMILK,g/kg,43
Namibia,SGMILK,g/kg,28
Nepal,SGMILK,g/kg,36
Netherlands,SGMILK,g/kg,30
NewCaledonia,SGMILK,g/kg,34
NewZealand,SGMILK,g/kg,28
Nicaragua,SGMILK,g/kg,34
Niger,SGMILK,g/kg,32
Nigeria,SGMILK,g/kg,35
Norway,SGMILK,g/kg,31
Oman,SGMILK,g/kg,34
Pakistan,SGMILK,g/kg,37
Palestin,SGMILK,g/kg,34
Panama,SGMILK,g/kg,55
PapuaNGuin,SGMILK,g/kg,32
Paraguay,SGMILK,g/kg,33
Peru,SGMILK,g/kg,32
Philippines,SGMILK,g/kg,34
Poland,SGMILK,g/kg,28
Portugal,SGMILK,g/kg,31
PuertoRico,SGMILK,g/kg,32
Qatar,SGMILK,g/kg,34
Reunion,SGMILK,g/kg,32
Romania,SGMILK,g/kg,35
RussianFed,SGMILK,g/kg,35
Rwanda,SGMILK,g/kg,32
Samoa,SGMILK,g/kg,31
SaudiArabia,SGMILK,g/kg,34
Senegal,SGMILK,g/kg,35
Serbia-Monte,SGMILK,g/kg,33
SierraLeone,SGMILK,g/kg,31
Singapore,SGMILK,g/kg,34
Slovakia,SGMILK,g/kg,30
Slovenia,SGMILK,g/kg,32
SolomonIs,SGMILK,g/kg,33
Somalia,SGMILK,g/kg,36
SouthAfrica,SGMILK,g/kg,31
Spain,SGMILK,g/kg,32
SriLanka,SGMILK,g/kg,33
Sudan,SGMILK,g/kg,37
Suriname,SGMILK,g/kg,36
Swaziland,SGMILK,g/kg,33
Sweden,SGMILK,g/kg,29
Switzerland,SGMILK,g/kg,29
Syria,SGMILK,g/kg,36
Tajikistan,SGMILK,g/kg,34
Tanzania,SGMILK,g/kg,31
Thailand,SGMILK,g/kg,30
TimorLeste,SGMILK,g/kg,34
Togo,SGMILK,g/kg,31
TrinidadTob,SGMILK,g/kg,35
Tunisia,SGMILK,g/kg,32
Turkey,SGMILK,g/kg,34
Turkmenistan,SGMILK,g/kg,33
Uganda,SGMILK,g/kg,31
UK,SGMILK,g/kg,30
Ukraine,SGMILK,g/kg,32
UntdArabEm,SGMILK,g/kg,35
Uruguay,SGMILK,g/kg,34
USA,SGMILK,g/kg,32
Uzbekistan,SGMILK,g/kg,33
Vanuatu,SGMILK,g/kg,32
Venezuela,SGMILK,g/kg,27
VietNam,SGMILK,g/kg,35
WestSahara,SGMILK,g/kg,33
Yemen,SGMILK,g/kg,34
Zambia,SGMILK,g/kg,31
Zimbabwe,SGMILK,g/kg,30
